{
	"Surface_Current": {
		"xb": 10.5,
		"xc": 10.5,
		"yc": 58,
		"yb": 58,
		"dtype": "vector",
		"zb": null,
		"zc": null,
		"long_name": "Surface_Current",
		"v": [
			[-0.16579964756965637, -0.19967223703861237, -0.1907874047756195, -0.13183821737766266, -0.04107726737856865, 0.05246428772807121, 0.1286907196044922, 0.17714539170265198, 0.19311454892158508, 0.16350297629833221, 0.1045277789235115, 0.03181510418653488, -0.04023547098040581, -0.10287072509527206, -0.11379105597734451, -0.09171473979949951, -0.050083767622709274, 0.008924166671931744, 0.08607891201972961, 0.15822185575962067, 0.22423596680164337, 0.26130566000938416, 0.2701869606971741, 0.2391970008611679, 0.1901656687259674, 0.10739653557538986, 0.017440060153603554, -0.037985410541296005, -0.04793359339237213, -0.02894829958677292, -0.0008512900676578283, 0.020331144332885742, 0.032918501645326614, 0.03912647068500519, 0.0353715606033802, 0.03872097656130791, 0.059392254799604416, 0.07413066178560257, 0.06411762535572052, 0.03502623364329338, -0.0030123486649245024, -0.04949823394417763, -0.10892311483621597, -0.23060928285121918, -0.31804487109184265, -0.39201751351356506, -0.4849100708961487, -0.5612637400627136, -0.5442208647727966, -0.4887368381023407, -0.4437214732170105, -0.40173742175102234, -0.37180012464523315, -0.34603479504585266, -0.33120420575141907, -0.31257641315460205, -0.2803594172000885, -0.23282349109649658, -0.18300053477287292, -0.13791124522686005, -0.09760358184576035, -0.057153861969709396, -0.027968991547822952, -0.030727146193385124, -0.0422295518219471, -0.10521961003541946, -0.21274001896381378, -0.32156631350517273, -0.3845563530921936, -0.3836739659309387, -0.3241046667098999, -0.23291249573230743, -0.12137119472026825, -0.003108569886535406, 0.08060767501592636, 0.1104411855340004, 0.09587520360946655, 0.05916072428226471, -0.003272806294262409],
			[-0.012252984568476677, 0.08477523177862167, 0.1831025928258896, 0.2532755732536316, 0.28252145648002625, 0.2688228487968445, 0.2098170518875122, 0.12850429117679596, 0.03949056193232536, -0.03612431138753891, -0.08769556879997253, -0.11304950714111328, -0.10059274733066559, -0.048638880252838135, 0.058072395622730255, 0.14763864874839783, 0.21481120586395264, 0.2602786719799042, 0.2813425362110138, 0.2681339681148529, 0.21633219718933105, 0.13604624569416046, 0.049733031541109085, -0.026315821334719658, -0.09300240874290466, -0.1336500495672226, -0.12391204386949539, -0.07284735143184662, 0.008641990832984447, 0.08512013405561447, 0.12978686392307281, 0.14764520525932312, 0.1495659351348877, 0.13333328068256378, 0.11260632425546646, 0.09159480780363083, 0.06735637038946152, 0.029522094875574112, -0.005712276790291071, -0.028129292652010918, -0.04800700396299362, -0.04724561423063278, -0.05197704955935478, -0.06719940900802612, -0.032848063856363297, 0.008045240305364132, 0.045879069715738297, 0.08970987051725388, 0.14472505450248718, 0.16969019174575806, 0.14987289905548096, 0.12443384528160095, 0.09014539420604706, 0.0748063400387764, 0.07896120101213455, 0.09505173563957214, 0.09989861398935318, 0.09359582513570786, 0.09126102924346924, 0.08598050475120544, 0.08022669702768326, 0.05811411142349243, 0.02872553840279579, -0.002744777128100395, -0.06673894077539444, -0.1165144294500351, -0.1138983741402626, -0.055472198873758316, 0.047907665371894836, 0.16158895194530487, 0.25845420360565186, 0.31600287556648254, 0.3084927201271057, 0.237028568983078, 0.13625472784042358, 0.03818608075380325, -0.041309259831905365, -0.10457652807235718, -0.13768640160560608]
		],
		"units": "m/s",
		"tb": ["2021-03-02T05:30:00", "2021-03-02T06:30:00", "2021-03-02T07:30:00", "2021-03-02T08:30:00", "2021-03-02T09:30:00", "2021-03-02T10:30:00", "2021-03-02T11:30:00", "2021-03-02T12:30:00", "2021-03-02T13:30:00", "2021-03-02T14:30:00", "2021-03-02T15:30:00", "2021-03-02T16:30:00", "2021-03-02T17:30:00", "2021-03-02T18:30:00", "2021-03-02T19:30:00", "2021-03-02T20:30:00", "2021-03-02T21:30:00", "2021-03-02T22:30:00", "2021-03-02T23:30:00", "2021-03-03T00:30:00", "2021-03-03T01:30:00", "2021-03-03T02:30:00", "2021-03-03T03:30:00", "2021-03-03T04:30:00", "2021-03-03T05:30:00", "2021-03-03T06:30:00", "2021-03-03T07:30:00", "2021-03-03T08:30:00", "2021-03-03T09:30:00", "2021-03-03T10:30:00", "2021-03-03T11:30:00", "2021-03-03T12:30:00", "2021-03-03T13:30:00", "2021-03-03T14:30:00", "2021-03-03T15:30:00", "2021-03-03T16:30:00", "2021-03-03T17:30:00", "2021-03-03T18:30:00", "2021-03-03T19:30:00", "2021-03-03T20:30:00", "2021-03-03T21:30:00", "2021-03-03T22:30:00", "2021-03-03T23:30:00", "2021-03-04T00:30:00", "2021-03-04T01:30:00", "2021-03-04T02:30:00", "2021-03-04T03:30:00", "2021-03-04T04:30:00", "2021-03-04T05:30:00", "2021-03-04T06:30:00", "2021-03-04T07:30:00", "2021-03-04T08:30:00", "2021-03-04T09:30:00", "2021-03-04T10:30:00", "2021-03-04T11:30:00", "2021-03-04T12:30:00", "2021-03-04T13:30:00", "2021-03-04T14:30:00", "2021-03-04T15:30:00", "2021-03-04T16:30:00", "2021-03-04T17:30:00", "2021-03-04T18:30:00", "2021-03-04T19:30:00", "2021-03-04T20:30:00", "2021-03-04T21:30:00", "2021-03-04T22:30:00", "2021-03-04T23:30:00", "2021-03-05T00:30:00", "2021-03-05T01:30:00", "2021-03-05T02:30:00", "2021-03-05T03:30:00", "2021-03-05T04:30:00", "2021-03-05T05:30:00", "2021-03-05T06:30:00", "2021-03-05T07:30:00", "2021-03-05T08:30:00", "2021-03-05T09:30:00", "2021-03-05T10:30:00", "2021-03-05T11:30:00", "2021-03-05T12:30:00"],
		"tc": ["2021-03-02T06:00:00", "2021-03-02T07:00:00", "2021-03-02T08:00:00", "2021-03-02T09:00:00", "2021-03-02T10:00:00", "2021-03-02T11:00:00", "2021-03-02T12:00:00", "2021-03-02T13:00:00", "2021-03-02T14:00:00", "2021-03-02T15:00:00", "2021-03-02T16:00:00", "2021-03-02T17:00:00", "2021-03-02T18:00:00", "2021-03-02T19:00:00", "2021-03-02T20:00:00", "2021-03-02T21:00:00", "2021-03-02T22:00:00", "2021-03-02T23:00:00", "2021-03-03T00:00:00", "2021-03-03T01:00:00", "2021-03-03T02:00:00", "2021-03-03T03:00:00", "2021-03-03T04:00:00", "2021-03-03T05:00:00", "2021-03-03T06:00:00", "2021-03-03T07:00:00", "2021-03-03T08:00:00", "2021-03-03T09:00:00", "2021-03-03T10:00:00", "2021-03-03T11:00:00", "2021-03-03T12:00:00", "2021-03-03T13:00:00", "2021-03-03T14:00:00", "2021-03-03T15:00:00", "2021-03-03T16:00:00", "2021-03-03T17:00:00", "2021-03-03T18:00:00", "2021-03-03T19:00:00", "2021-03-03T20:00:00", "2021-03-03T21:00:00", "2021-03-03T22:00:00", "2021-03-03T23:00:00", "2021-03-04T00:00:00", "2021-03-04T01:00:00", "2021-03-04T02:00:00", "2021-03-04T03:00:00", "2021-03-04T04:00:00", "2021-03-04T05:00:00", "2021-03-04T06:00:00", "2021-03-04T07:00:00", "2021-03-04T08:00:00", "2021-03-04T09:00:00", "2021-03-04T10:00:00", "2021-03-04T11:00:00", "2021-03-04T12:00:00", "2021-03-04T13:00:00", "2021-03-04T14:00:00", "2021-03-04T15:00:00", "2021-03-04T16:00:00", "2021-03-04T17:00:00", "2021-03-04T18:00:00", "2021-03-04T19:00:00", "2021-03-04T20:00:00", "2021-03-04T21:00:00", "2021-03-04T22:00:00", "2021-03-04T23:00:00", "2021-03-05T00:00:00", "2021-03-05T01:00:00", "2021-03-05T02:00:00", "2021-03-05T03:00:00", "2021-03-05T04:00:00", "2021-03-05T05:00:00", "2021-03-05T06:00:00", "2021-03-05T07:00:00", "2021-03-05T08:00:00", "2021-03-05T09:00:00", "2021-03-05T10:00:00", "2021-03-05T11:00:00", "2021-03-05T12:00:00"]
	}
}