{
	"Temperature": {
		"xb": 10.5,
		"xc": 10.5,
		"yc": 58,
		"yb": 58,
		"dtype": "scalar",
		"zb": [-92.18321990966797, -90.86643981933594, -89.47026062011719, -87.99188995361328, -86.42902374267578, -84.77991485595703, -83.04350280761719, -81.21952056884766, -79.30857849121094, -77.31229400634766, -75.23332977294922, -73.07548522949219, -70.84368896484375, -68.5440444946289, -66.18378448486328, -63.771156311035156, -61.315406799316406, -58.8265495300293, -56.315250396728516, -53.79262161254883, -51.269996643066406, -48.758705139160156, -46.26984405517578, -43.814090728759766, -41.40147018432617, -39.041202545166016, -36.74156188964844, -34.509769439697266, -32.35192108154297, -30.272960662841797, -28.276676177978516, -26.365739822387695, -24.5417537689209, -22.805341720581055, -21.156232833862305, -19.593364715576172, -18.1149959564209, -16.718812942504883, -15.402034759521484, -14.16150951385498, -12.993812561035156, -11.895330429077148, -10.86233139038086, -9.891030311584473, -8.977646827697754, -8.118443489074707, -7.309773921966553, -6.54810094833374, -5.830024719238281, -5.152298927307129, -4.511838912963867, -3.905731201171875, -3.331234931945801, -2.7857820987701416, -2.266975164413452, -1.7725824117660522, -1.3005330562591553, -0.8489103317260742, -0.41594329476356506, 0.0],
		"zc": [-91.52482986450195, -90.16835021972656, -88.73107528686523, -87.21045684814453, -85.6044692993164, -83.91170883178711, -82.13151168823242, -80.2640495300293, -78.3104362487793, -76.27281188964844, -74.1544075012207, -71.95958709716797, -69.69386672973633, -67.3639144897461, -64.97747039794922, -62.54328155517578, -60.07097816467285, -57.570899963378906, -55.05393600463867, -52.53130912780762, -50.01435089111328, -47.51427459716797, -45.04196739196777, -42.60778045654297, -40.221336364746094, -37.89138221740723, -35.62566566467285, -33.43084526062012, -31.312440872192383, -29.274818420410156, -27.321208000183105, -25.453746795654297, -23.673547744750977, -21.98078727722168, -20.37479877471924, -18.854180335998535, -17.41690444946289, -16.060423851013184, -14.781772136688232, -13.577661037445068, -12.444571495056152, -11.378830909729004, -10.376680850982666, -9.434338569641113, -8.54804515838623, -7.71410870552063, -6.9289374351501465, -6.189062833786011, -5.491161823272705, -4.832068920135498, -4.208785057067871, -3.618483066558838, -3.058508515357971, -2.526378631591797, -2.019778788089752, -1.5365577340126038, -1.0747216939926147, -0.6324268132448196, -0.20797164738178253],
		"long_name": "Temperature",
		"v": [5.5226569175720215, 5.522459506988525, 5.522272109985352, 5.522073268890381, 5.521859169006348, 5.521650314331055, 5.521471977233887, 5.521406173706055, 5.521548748016357, 5.521947860717773, 5.52266263961792, 5.523630619049072, 5.593842029571533, 5.832238674163818, 6.200656414031982, 6.582911014556885, 6.899913311004639, 7.129542350769043, 7.282961368560791, 7.373541831970215, 7.400590896606445, 7.402769565582275, 7.405643939971924, 7.447027206420898, 7.54711389541626, 7.713425636291504, 7.946625709533691, 8.239784240722656, 8.576924324035645, 8.932304382324219, 9.271513938903809, 9.555694580078125, 9.743538856506348, 9.815786361694336, 9.800480842590332, 9.677807807922363, 9.372777938842773, 8.781991958618164, 7.8364081382751465, 6.656352996826172, 5.527495861053467, 4.694686412811279, 4.194861888885498, 3.9342312812805176, 3.7862157821655273, 3.662924289703369, 3.561047315597534, 3.5227115154266357, 3.5254876613616943, 3.536188840866089, 3.5429985523223877, 3.547346591949463, 3.5565783977508545, 3.5666615962982178, 3.566354274749756, 3.564645528793335, 3.562633752822876, 3.5600433349609375, 3.5563275814056396],
		"units": "Celsius",
		"tb": "2021-03-02T22:18:38",
		"tc": "2021-03-02T22:18:38"
	}
}